team,final_elo,rank
DeNA,1566.7637060877742,1
阪神,1555.9518305022452,2
巨人,1515.4384594051564,3
ヤクルト,1500.8566864736265,4
中日,1464.8294532810237,5
広島,1396.1598642501742,6
