rank,team,final_elo
1,西武,1635.6630270284597
2,日本ハム,1574.0507555310692
3,ソフトバンク,1565.925735498709
4,巨人,1543.6206066878292
5,ロッテ,1530.0056842878337
6,オリックス,1508.583744614329
7,阪神,1489.364085118737
8,ヤクルト,1484.035476497091
9,広島,1437.3177064946906
10,DeNA,1432.1637614409417
11,中日,1429.2795517140407
12,楽天,1369.9898650862694
