rank,team,final_elo
1,西武,1617.9105685912066
2,日本ハム,1583.6978166821991
3,ソフトバンク,1582.8432531521696
4,巨人,1551.574682838786
5,ロッテ,1521.8075704874336
6,阪神,1507.2524677023594
7,オリックス,1497.9224821846337
8,ヤクルト,1468.0249303981673
9,DeNA,1441.0156665803001
10,広島,1434.9737082287284
11,中日,1410.3207224775679
12,楽天,1382.656130676448
