rank,team,final_elo
1,西武,1635.1682405411673
2,日本ハム,1574.4318602108233
3,ソフトバンク,1565.429631813482
4,巨人,1543.4676052924956
5,ロッテ,1529.9500357154973
6,オリックス,1508.4770668970702
7,阪神,1489.5989695346032
8,ヤクルト,1484.853338147796
9,広島,1437.7713120841536
10,DeNA,1432.8732013522365
11,中日,1428.7632462227568
12,楽天,1369.2154921879178
