rank,team,final_elo
1,西武,1697.8746675906305
2,ソフトバンク,1610.6033023759603
3,日本ハム,1585.4107885688109
4,巨人,1563.7950799079752
5,オリックス,1557.1478284477898
6,阪神,1531.254227040123
7,ヤクルト,1528.8028279491239
8,ロッテ,1514.562830894798
9,DeNA,1395.632361311219
10,広島,1372.9654005581622
11,中日,1327.1929488614146
12,楽天,1314.757736493992
