rank,team,final_elo
1,西武,1695.924962802929
2,ソフトバンク,1608.694952123709
3,日本ハム,1585.3853318259469
4,巨人,1563.0081473813405
5,オリックス,1554.7773187548512
6,阪神,1528.8448606400418
7,ヤクルト,1526.194017461575
8,ロッテ,1515.7415294605546
9,DeNA,1397.075939267579
10,広島,1375.6729644099669
11,中日,1332.0403466657674
12,楽天,1316.6396292057389
