rank,team,final_elo
1,巨人,1560.4060856045735
2,阪神,1512.7728241034947
3,ヤクルト,1468.1895561191188
4,広島,1440.7428365986834
5,DeNA,1438.521068382431
6,中日,1430.1030108615369
