rank,team,final_elo
1,阪神,1539.9532515682483
2,巨人,1524.6652191534306
3,ヤクルト,1481.2808360918355
4,広島,1449.46851676839
5,中日,1436.2235647463544
6,DeNA,1389.5811259371314
