rank,team,final_elo
1,巨人,1529.7059507841411
2,阪神,1476.5819993117125
3,広島,1470.5396705807243
4,中日,1456.1015872531266
5,DeNA,1446.2661058115102
6,ヤクルト,1436.5858742121154
