rank,team,final_elo
1,巨人,1523.6994502680777
2,阪神,1505.5808472620552
3,ヤクルト,1504.024230920289
4,広島,1458.818181734391
5,中日,1438.4876245518649
6,DeNA,1386.717337897364
