rank,team,final_elo
1,巨人,1547.203622892553
2,阪神,1524.9603403830736
3,ヤクルト,1502.479152285514
4,DeNA,1463.4313503475034
5,広島,1440.1994714061814
6,中日,1427.4562465558054
