rank,team,final_elo
1,巨人,1542.978716011607
2,阪神,1494.438261242244
3,ヤクルト,1484.900932716209
4,広島,1437.218156720337
5,DeNA,1432.8732013522365
6,中日,1428.7632462227568
