rank,team,final_elo
1,阪神,1520.0029947822238
2,巨人,1515.4335598805874
3,ヤクルト,1469.789140342324
4,広島,1460.304326380107
5,中日,1447.349481813942
6,DeNA,1408.293011066206
