rank,team,final_elo
1,巨人,1535.1580388605707
2,阪神,1493.4250173747457
3,ヤクルト,1475.5929747547116
4,DeNA,1424.1480646505336
5,広島,1422.7258170913058
6,中日,1416.171023318642
