rank,team,final_elo
1,阪神,1575.2298445838844
2,巨人,1567.8128423504365
3,ヤクルト,1425.6117419192337
4,DeNA,1416.6348495685183
5,広島,1384.9101957833288
6,中日,1349.4433714226159
