rank,team,final_elo
1,巨人,1553.1662680547513
2,阪神,1521.7810761548349
3,ヤクルト,1478.9471030235595
4,広島,1446.414264850879
5,DeNA,1445.7281625550331
6,中日,1412.8607330205089
