rank,team,final_elo
1,巨人,1543.2315791183796
2,阪神,1504.3402041839183
3,ヤクルト,1458.1615383461985
4,広島,1435.3493300387695
5,DeNA,1431.7253495154212
6,中日,1422.341301306913
