rank,team,final_elo
1,阪神,1538.6280119918397
2,巨人,1533.3009827853596
3,ヤクルト,1490.563675673316
4,広島,1450.7937563447986
5,中日,1426.9407251648738
6,DeNA,1380.9453623052025
