rank,team,final_elo
1,巨人,1514.953861831504
2,阪神,1491.3340882643497
3,広島,1480.4222573508675
4,DeNA,1457.6392965641933
5,中日,1444.7283965004435
6,ヤクルト,1426.7032874419722
