rank,team,final_elo
1,巨人,1520.2838897813053
2,ヤクルト,1477.2809341445109
3,阪神,1475.8466073158884
4,広島,1471.8477815714396
5,中日,1467.458276546462
6,DeNA,1404.6101832744355
