rank,team,final_elo
1,巨人,1500.0842584872637
2,阪神,1499.910302785535
3,中日,1479.948193133512
4,ヤクルト,1446.6685045700597
5,DeNA,1445.3325019914964
6,広島,1443.8374269854635
