rank,team,final_elo
1,巨人,1507.668754563321
2,中日,1480.0734117644463
3,阪神,1475.8466073158884
4,広島,1471.8477815714396
5,ヤクルト,1461.6767661503216
6,DeNA,1420.2143512686248
