rank,team,final_elo
1,巨人,1534.2716717360117
2,阪神,1515.850274869645
3,ヤクルト,1478.7020890461554
4,広島,1443.4170003903905
5,中日,1437.4702904983521
6,DeNA,1411.4611877248353
