rank,team,final_elo
1,巨人,1551.574682838786
2,阪神,1507.2524677023594
3,ヤクルト,1468.0249303981673
4,DeNA,1441.0156665803001
5,広島,1434.9737082287284
6,中日,1410.3207224775679
