rank,team,final_elo
1,阪神,1543.295876576
2,巨人,1536.2688947203064
3,ヤクルト,1481.8054823398961
4,DeNA,1392.9769005241308
5,広島,1385.368305453995
6,中日,1383.1208162119424
