rank,team,final_elo
1,阪神,1554.628266382358
2,巨人,1547.4093865140496
3,ヤクルト,1470.473092533538
4,広島,1397.560604711956
5,DeNA,1381.8364087303876
6,中日,1370.9285169539812
