rank,team,final_elo
1,阪神,1565.4691502621079
2,巨人,1535.0440508633621
3,ヤクルト,1482.8384281842254
4,DeNA,1394.1628536215178
5,広島,1385.2341598208259
6,中日,1360.0876330742315
