rank,team,final_elo
1,阪神,1525.4850251409136
2,巨人,1517.9259068077827
3,ヤクルト,1464.307109983634
4,広島,1457.8119794529118
5,中日,1453.8160554265812
6,DeNA,1401.8264374535668
