rank,team,final_elo
1,阪神,1529.1174419565311
2,巨人,1515.4335598805874
3,ヤクルト,1460.6746931680166
4,広島,1460.304326380107
5,中日,1456.8297076701733
6,DeNA,1398.8127852099747
