rank,team,final_elo
1,巨人,1526.1201099208795
2,阪神,1505.5225204155931
3,ヤクルト,1494.0978884718231
4,中日,1445.6218523134844
5,広島,1428.0212009647228
6,DeNA,1421.7889421788873
