rank,team,final_elo
1,巨人,1519.9244636482238
2,阪神,1486.5052642996768
3,中日,1467.8177026795436
4,広島,1461.1891245876511
5,ヤクルト,1447.0776742243286
6,DeNA,1434.8134431946178
