rank,team,final_elo
1,巨人,1588.8429125975556
2,阪神,1572.9009260836574
3,DeNA,1418.9637680687454
4,ヤクルト,1400.3800433752176
5,中日,1374.675069966632
6,広島,1363.8801255362098
