rank,team,final_elo
1,巨人,1538.5582714871591
2,阪神,1496.419377143543
3,ヤクルト,1489.1654097012076
4,中日,1447.649094670377
5,広島,1447.3039595773637
6,DeNA,1398.2315600543911
