rank,team,final_elo
1,巨人,1578.398121288777
2,阪神,1561.9769129124884
3,DeNA,1429.8877812399144
4,ヤクルト,1412.9105225634773
5,広島,1374.3249168449884
6,中日,1362.1445907783723
