rank,team,final_elo
1,巨人,1533.826470862918
2,阪神,1514.1527763490708
3,ヤクルト,1493.8972103254487
4,広島,1458.818181734391
5,中日,1429.9156954648493
6,DeNA,1386.717337897364
