rank,team,final_elo
1,巨人,1545.4708061957197
2,阪神,1531.42201028615
3,ヤクルト,1490.4983206768466
4,DeNA,1453.387621229882
5,広島,1440.1994714061814
6,中日,1420.026072280958
