rank,team,final_elo
1,阪神,1583.6790510533856
2,巨人,1575.1495043612474
3,ヤクルト,1412.0182205828569
4,DeNA,1408.1856430990172
5,広島,1377.573533772518
6,中日,1363.0368927589927
