rank,team,final_elo
1,巨人,1529.060010045425
2,阪神,1510.2454871813197
3,ヤクルト,1479.546647943228
4,中日,1462.872787735938
5,広島,1446.6778762152694
6,DeNA,1392.76970514421
