rank,team,final_elo
1,阪神,1505.103968351177
2,巨人,1501.1839817446767
3,広島,1465.650705788422
4,中日,1458.1349143305533
5,DeNA,1444.2327787340835
6,ヤクルト,1441.4748390044176
