rank,team,final_elo
1,阪神,1568.5861388620642
2,巨人,1537.043582349109
3,ヤクルト,1485.735399514473
4,DeNA,1391.915618721375
5,広島,1381.9997670301132
6,中日,1354.3623391508831
