rank,team,final_elo
1,巨人,1529.060010045425
2,阪神,1520.0029947822238
3,中日,1471.349481813942
4,ヤクルト,1469.789140342324
5,広島,1446.6778762152694
6,DeNA,1384.293011066206
