rank,team,final_elo
1,巨人,1507.668754563321
2,阪神,1486.5052642996768
3,中日,1480.0734117644463
4,ヤクルト,1461.6767661503216
5,広島,1461.1891245876511
6,DeNA,1420.2143512686248
