rank,team,final_elo
1,阪神,1490.0105981441106
2,巨人,1488.1863505995736
3,中日,1469.4282334688355
4,DeNA,1457.2304098791865
5,ヤクルト,1456.568209211484
6,広島,1454.35738665014
