rank,team,final_elo
1,阪神,1577.2912252859778
2,巨人,1571.0159269579922
3,ヤクルト,1449.844138206589
4,DeNA,1392.4024532811632
5,広島,1382.8488150812354
6,中日,1346.2402868150602
