rank,team,final_elo
1,阪神,1564.172779980632
2,巨人,1557.3237548579164
3,ヤクルト,1437.6457407211547
4,DeNA,1404.6008507665974
5,広島,1395.9672603865813
6,中日,1359.932458915136
