rank,team,final_elo
1,巨人,1519.8020170958307
2,阪神,1486.485933000023
3,中日,1468.3180681216859
4,広島,1459.9409217531518
5,ヤクルト,1447.184623039688
6,DeNA,1434.049624942951
