rank,team,final_elo
1,阪神,1566.2621431673638
2,巨人,1560.5698789274688
3,ヤクルト,1462.2091029361134
4,広島,1393.8778971998495
5,DeNA,1380.0374885516387
6,中日,1356.6863348455836
