rank,team,final_elo
1,巨人,1533.826470862918
2,ヤクルト,1493.8972103254487
3,阪神,1490.1527763490708
4,広島,1457.5416125382571
5,中日,1453.9156954648493
6,DeNA,1387.9939070934977
