rank,team,final_elo
1,阪神,1529.1174419565311
2,巨人,1515.4335598805874
3,ヤクルト,1481.2808360918355
4,広島,1460.304326380107
5,中日,1436.2235647463544
6,DeNA,1398.8127852099747
