rank,team,final_elo
1,阪神,1555.3356815597203
2,巨人,1548.886511102738
3,ヤクルト,1473.8924707608442
4,広島,1393.8778971998495
5,DeNA,1380.0374885516387
6,中日,1367.612796453227
