rank,team,final_elo
1,西武,1626.253672311613
2,ソフトバンク,1592.7066452041383
3,日本ハム,1571.677237852854
4,巨人,1543.2315791183796
5,ロッテ,1531.0978875523126
6,阪神,1504.3402041839183
7,オリックス,1500.8347457030748
8,ヤクルト,1458.1615383461985
9,広島,1435.3493300387695
10,DeNA,1431.7253495154212
11,中日,1422.341301306913
12,楽天,1382.2805088664068
