rank,team,final_elo
1,ソフトバンク,1587.9471182410384
2,西武,1583.8102138936238
3,日本ハム,1565.7443500378006
4,阪神,1529.1174419565311
5,ロッテ,1520.5618489352216
6,巨人,1515.4335598805874
7,オリックス,1512.2383821135911
8,ヤクルト,1460.6746931680166
9,広島,1460.304326380107
10,中日,1456.8297076701733
11,楽天,1408.5255725133338
12,DeNA,1398.8127852099747
