rank,team,final_elo
1,ソフトバンク,1722.7763984772857
2,西武,1627.836761071162
3,日本ハム,1611.3121451426525
4,巨人,1578.398121288777
5,阪神,1561.9769129124884
6,オリックス,1480.181383225357
7,ロッテ,1472.7261217496716
8,DeNA,1429.8877812399144
9,ヤクルト,1412.9105225634773
10,広島,1374.3249168449884
11,楽天,1365.524344705853
12,中日,1362.1445907783723
