rank,team,final_elo
1,ソフトバンク,1678.6361950649514
2,西武,1622.1463540297993
3,日本ハム,1613.2041381116885
4,阪神,1568.5861388620642
5,巨人,1537.043582349109
6,オリックス,1515.7483141919695
7,ロッテ,1502.9923950373889
8,ヤクルト,1485.735399514473
9,DeNA,1391.915618721375
10,広島,1381.9997670301132
11,中日,1354.3623391508831
12,楽天,1347.6297579361844
