rank,team,final_elo
1,日本ハム,1608.7644964385981
2,ソフトバンク,1603.3561452730908
3,西武,1547.4253781814625
4,ロッテ,1541.3208601772722
5,巨人,1533.826470862918
6,阪神,1505.5808472620552
7,ヤクルト,1493.8972103254487
8,オリックス,1480.3609076358696
9,広島,1458.818181734391
10,中日,1438.4876245518649
11,楽天,1401.4445396596648
12,DeNA,1386.717337897364
