rank,team,final_elo
1,ソフトバンク,1708.966694507797
2,西武,1627.836761071162
3,日本ハム,1611.3121451426525
4,巨人,1588.8429125975556
5,阪神,1572.9009260836574
6,オリックス,1493.9910871948457
7,ロッテ,1472.7261217496716
8,DeNA,1418.9637680687454
9,ヤクルト,1400.3800433752176
10,中日,1374.675069966632
11,楽天,1365.524344705853
12,広島,1363.8801255362098
