rank,team,final_elo
1,ソフトバンク,1687.787066554036
2,西武,1618.9092523833958
3,日本ハム,1599.7537973884416
4,阪神,1565.4691502621079
5,巨人,1535.0440508633621
6,オリックス,1514.2907434512638
7,ロッテ,1504.0398598301904
8,ヤクルト,1482.8384281842254
9,DeNA,1394.1628536215178
10,広島,1385.2341598208259
11,中日,1360.0876330742315
12,楽天,1352.383004566402
