rank,team,final_elo
1,ソフトバンク,1719.339303822262
2,西武,1639.5367600335762
3,日本ハム,1599.6121461802384
4,阪神,1583.6790510533856
5,巨人,1575.1495043612474
6,ロッテ,1483.8167070420675
7,オリックス,1483.6184778803806
8,ヤクルト,1412.0182205828569
9,DeNA,1408.1856430990172
10,広島,1377.573533772518
11,中日,1363.0368927589927
12,楽天,1354.4337594134572
