rank,team,final_elo
1,ソフトバンク,1596.2477398517406
2,西武,1577.9572077475755
3,日本ハム,1554.9992981444739
4,阪神,1539.9532515682483
5,巨人,1524.6652191534306
6,ロッテ,1520.5618489352216
7,オリックス,1503.937760502889
8,ヤクルト,1481.2808360918355
9,広島,1449.46851676839
10,中日,1436.2235647463544
11,楽天,1425.1236305527088
12,DeNA,1389.5811259371314
