rank,team,final_elo
1,西武,1601.403115856635
2,ソフトバンク,1587.9471182410384
3,日本ハム,1565.7443500378006
4,ロッテ,1520.5618489352216
5,阪神,1520.0029947822238
6,巨人,1515.4335598805874
7,オリックス,1512.2383821135911
8,ヤクルト,1469.789140342324
9,広島,1460.304326380107
10,中日,1447.349481813942
11,DeNA,1408.293011066206
12,楽天,1390.9326705503227
