rank,team,final_elo
1,西武,1601.403115856635
2,ソフトバンク,1579.0840876831628
3,日本ハム,1555.8066108926191
4,ロッテ,1530.499588080403
5,オリックス,1521.1014126714667
6,阪神,1520.0029947822238
7,巨人,1515.4335598805874
8,ヤクルト,1469.789140342324
9,広島,1460.304326380107
10,中日,1447.349481813942
11,DeNA,1408.293011066206
12,楽天,1390.9326705503227
