rank,team,final_elo
1,ソフトバンク,1701.3268599961764
2,日本ハム,1612.8945919377602
3,西武,1606.5538215750566
4,阪神,1564.172779980632
5,巨人,1557.3237548579164
6,ロッテ,1494.175660230781
7,オリックス,1478.5989364302493
8,ヤクルト,1437.6457407211547
9,DeNA,1404.6008507665974
10,広島,1395.9672603865813
11,楽天,1386.8072842019585
12,中日,1359.932458915136
