rank,team,final_elo
1,日本ハム,1594.0298283587363
2,ソフトバンク,1583.562619615631
3,西武,1567.2189038389222
4,巨人,1538.5582714871591
5,ロッテ,1522.5534524449572
6,阪神,1496.419377143543
7,オリックス,1495.0955757157315
8,ヤクルト,1489.1654097012076
9,中日,1447.649094670377
10,広島,1447.3039595773637
11,楽天,1420.2119473919797
12,DeNA,1398.2315600543911
