rank,team,final_elo
1,ソフトバンク,1607.7816861255208
2,日本ハム,1588.8581687025458
3,ロッテ,1539.9350420574876
4,西武,1514.9801015065252
5,巨人,1514.953861831504
6,オリックス,1495.1692512121679
7,阪神,1491.3340882643497
8,広島,1480.4222573508675
9,DeNA,1457.6392965641933
10,中日,1444.7283965004435
11,楽天,1437.4945624424226
12,ヤクルト,1426.7032874419722
