rank,team,final_elo
1,ソフトバンク,1620.734832646335
2,日本ハム,1597.8136256171613
3,西武,1537.4669469751875
4,ロッテ,1532.871331982321
5,巨人,1520.2838897813053
6,ヤクルト,1477.2809341445109
7,阪神,1475.8466073158884
8,オリックス,1474.651609047341
9,広島,1471.8477815714396
10,中日,1467.458276546462
11,楽天,1419.1339810976121
12,DeNA,1404.6101832744355
