rank,team,final_elo
1,ソフトバンク,1596.3714992277446
2,日本ハム,1583.0170669989013
3,ロッテ,1534.3586631087826
4,西武,1520.8212032101696
5,オリックス,1500.745630160873
6,巨人,1500.0842584872637
7,阪神,1499.910302785535
8,中日,1479.948193133512
9,楽天,1448.9047493401988
10,ヤクルト,1446.6685045700597
11,DeNA,1445.3325019914964
12,広島,1443.8374269854635
