rank,team,final_elo
1,ソフトバンク,1666.60456524657
2,日本ハム,1623.902551189379
3,西武,1595.3868174079612
4,阪神,1543.295876576
5,巨人,1536.2688947203064
6,ロッテ,1527.4409936355648
7,オリックス,1515.1832630548759
8,ヤクルト,1481.8054823398961
9,DeNA,1392.9769005241308
10,広島,1385.368305453995
11,中日,1383.1208162119424
12,楽天,1348.6455336393788
