rank,team,final_elo
1,日本ハム,1601.6202008763355
2,ソフトバンク,1593.80206790715
3,西武,1556.9794555474032
4,ロッテ,1532.2562544452373
5,巨人,1523.6994502680777
6,阪神,1505.5808472620552
7,ヤクルト,1504.024230920289
8,オリックス,1487.5052031981322
9,広島,1458.818181734391
10,中日,1438.4876245518649
11,楽天,1410.5091453916996
12,DeNA,1386.717337897364
