rank,team,final_elo
1,西武,1635.2929143392046
2,日本ハム,1574.4132113493024
3,ソフトバンク,1565.967250834128
4,巨人,1542.978716011607
5,ロッテ,1529.9500357154973
6,オリックス,1509.0374810805433
7,阪神,1487.3510898856307
8,ヤクルト,1484.900932716209
9,広島,1437.218156720337
10,DeNA,1432.8732013522365
11,中日,1428.7632462227568
12,楽天,1371.253763772547
