rank,team,final_elo
1,ソフトバンク,1613.5959251442841
2,日本ハム,1589.4297969160568
3,ロッテ,1540.0102394843718
4,西武,1524.5082865223878
5,巨人,1519.9244636482238
6,オリックス,1487.6102695001407
7,阪神,1486.5052642996768
8,中日,1467.8177026795436
9,広島,1461.1891245876511
10,ヤクルト,1447.0776742243286
11,DeNA,1434.8134431946178
12,楽天,1427.5178097987166
