rank,team,final_elo
1,西武,1601.7838227329746
2,ソフトバンク,1555.5811099842851
3,巨人,1549.0619316918703
4,日本ハム,1538.0341345297259
5,ロッテ,1529.821991082117
6,阪神,1524.9603403830736
7,ヤクルト,1502.479152285514
8,オリックス,1480.6874973088059
9,DeNA,1463.4313503475034
10,広島,1440.1994714061814
11,中日,1427.4562465558054
12,楽天,1386.5029516921431
