rank,team,final_elo
1,ソフトバンク,1596.2477398517406
2,日本ハム,1568.982729376788
3,西武,1563.9737765152613
4,阪神,1527.6947779705743
5,巨人,1524.6652191534306
6,ロッテ,1520.5618489352216
7,オリックス,1488.1415882874562
8,ヤクルト,1481.2808360918355
9,広島,1461.726990366064
10,楽天,1440.9198027681416
11,中日,1436.2235647463544
12,DeNA,1389.5811259371314
