rank,team,final_elo
1,ソフトバンク,1712.1235685848826
2,日本ハム,1624.1790861843183
3,西武,1617.2665611964337
4,阪神,1575.2298445838844
5,巨人,1567.8128423504365
6,ロッテ,1483.3789516420748
7,オリックス,1467.3144421836912
8,ヤクルト,1425.6117419192337
9,DeNA,1416.6348495685183
10,広島,1384.9101957833288
11,楽天,1376.0945445805814
12,中日,1349.4433714226159
