rank,team,final_elo
1,ソフトバンク,1729.5748994154048
2,西武,1627.0792194011121
3,日本ハム,1612.0696868127025
4,阪神,1583.6790510533856
5,巨人,1575.1495043612474
6,オリックス,1473.3828822872379
7,ロッテ,1470.7588137495945
8,ヤクルト,1412.0182205828569
9,DeNA,1408.1856430990172
10,広島,1377.573533772518
11,楽天,1367.4916527059302
12,中日,1363.0368927589927
