rank,team,final_elo
1,西武,1615.1887374995035
2,ソフトバンク,1575.2657732332218
3,日本ハム,1557.674424813242
4,巨人,1553.1662680547513
5,ロッテ,1540.5784558387168
6,阪神,1521.7810761548349
7,オリックス,1480.0491810257138
8,ヤクルト,1478.9471030235595
9,広島,1446.414264850879
10,DeNA,1445.7281625550331
11,中日,1412.8607330205089
12,楽天,1372.345819930035
