rank,team,final_elo
1,西武,1620.2115967918924
2,日本ハム,1584.9204138350365
3,ソフトバンク,1555.460048348394
4,ロッテ,1535.6963760162241
5,巨人,1526.1201099208795
6,オリックス,1524.1187986278555
7,阪神,1505.5225204155931
8,ヤクルト,1494.0978884718231
9,中日,1445.6218523134844
10,広島,1428.0212009647228
11,DeNA,1421.7889421788873
12,楽天,1358.420252115207
