rank,team,final_elo
1,日本ハム,1615.5030670551087
2,ソフトバンク,1612.2853044513838
3,ロッテ,1541.3208601772722
4,西武,1538.4962190031695
5,巨人,1533.826470862918
6,ヤクルト,1493.8972103254487
7,阪神,1490.1527763490708
8,オリックス,1473.622337019359
9,広島,1457.5416125382571
10,中日,1453.9156954648493
11,楽天,1401.4445396596648
12,DeNA,1387.9939070934977
