rank,team,final_elo
1,西武,1620.860165751699
2,ソフトバンク,1584.274025284562
3,日本ハム,1564.8815189858442
4,巨人,1560.4060856045735
5,ロッテ,1523.3361779976888
6,阪神,1512.7728241034947
7,オリックス,1490.8067279301545
8,ヤクルト,1468.1895561191188
9,広島,1440.7428365986834
10,DeNA,1438.521068382431
11,中日,1430.1030108615369
12,楽天,1365.1060023802129
