rank,team,final_elo
1,ソフトバンク,1690.3839673519742
2,西武,1620.020196192205
3,日本ハム,1601.4563658246657
4,阪神,1566.2621431673638
5,巨人,1560.5698789274688
6,ロッテ,1505.1185528749832
7,オリックス,1490.0371625433438
8,ヤクルト,1462.2091029361134
9,広島,1393.8778971998495
10,DeNA,1380.0374885516387
11,楽天,1373.34090958481
12,中日,1356.6863348455836
