rank,team,final_elo
1,西武,1601.403115856635
2,ソフトバンク,1579.0840876831628
3,日本ハム,1555.8066108926191
4,ロッテ,1530.499588080403
5,巨人,1529.060010045425
6,オリックス,1521.1014126714667
7,阪神,1520.0029947822238
8,中日,1471.349481813942
9,ヤクルト,1469.789140342324
10,広島,1446.6778762152694
11,楽天,1390.9326705503227
12,DeNA,1384.293011066206
