rank,team,final_elo
1,ソフトバンク,1607.7816861255208
2,日本ハム,1588.8581687025458
3,ロッテ,1539.9350420574876
4,西武,1514.9801015065252
5,阪神,1505.103968351177
6,巨人,1501.1839817446767
7,オリックス,1495.1692512121679
8,広島,1465.650705788422
9,中日,1458.1349143305533
10,DeNA,1444.2327787340835
11,ヤクルト,1441.4748390044176
12,楽天,1437.4945624424226
