rank,team,final_elo
1,ソフトバンク,1678.6361950649514
2,西武,1633.156894837571
3,日本ハム,1613.2041381116885
4,阪神,1555.3356815597203
5,巨人,1548.886511102738
6,オリックス,1502.8059612484888
7,ロッテ,1491.9818542296173
8,ヤクルト,1473.8924707608442
9,広島,1393.8778971998495
10,DeNA,1380.0374885516387
11,中日,1367.612796453227
12,楽天,1360.5721108796652
