rank,team,final_elo
1,ソフトバンク,1594.8488873765207
2,日本ハム,1582.0160182578336
3,西武,1550.9404876342157
4,阪神,1538.6280119918397
5,巨人,1533.3009827853596
6,ロッテ,1521.9607014104415
7,オリックス,1497.3536019951691
8,ヤクルト,1490.563675673316
9,広島,1450.7937563447986
10,楽天,1431.7077890604287
11,中日,1426.9407251648738
12,DeNA,1380.9453623052025
