rank,team,final_elo
1,ソフトバンク,1596.2477398517406
2,西武,1577.9572077475755
3,日本ハム,1554.9992981444739
4,阪神,1529.1174419565311
5,ロッテ,1520.5618489352216
6,巨人,1515.4335598805874
7,オリックス,1503.937760502889
8,ヤクルト,1481.2808360918355
9,広島,1460.304326380107
10,中日,1436.2235647463544
11,楽天,1425.1236305527088
12,DeNA,1398.8127852099747
