rank,team,final_elo
1,ソフトバンク,1589.591065184089
2,日本ハム,1573.4369237523108
3,ロッテ,1549.457913928606
4,西武,1530.4013464567602
5,阪神,1490.0105981441106
6,巨人,1488.1863505995736
7,オリックス,1485.6463793410494
8,中日,1469.4282334688355
9,DeNA,1457.2304098791865
10,ヤクルト,1456.568209211484
11,楽天,1455.6851833838543
12,広島,1454.35738665014
