rank,team,final_elo
1,ソフトバンク,1593.80206790715
2,日本ハム,1584.7644964385981
3,西武,1556.9794555474032
4,巨人,1533.826470862918
5,ロッテ,1517.3208601772722
6,阪神,1514.1527763490708
7,オリックス,1504.3609076358696
8,ヤクルト,1493.8972103254487
9,広島,1458.818181734391
10,中日,1429.9156954648493
11,楽天,1425.4445396596648
12,DeNA,1386.717337897364
