rank,team,final_elo
1,西武,1639.377737057369
2,ソフトバンク,1595.2328419922505
3,日本ハム,1545.1476201911798
4,ロッテ,1541.1585787818424
5,阪神,1525.4850251409136
6,巨人,1517.9259068077827
7,オリックス,1504.952658362379
8,ヤクルト,1464.307109983634
9,広島,1457.8119794529118
10,中日,1453.8160554265812
11,DeNA,1401.8264374535668
12,楽天,1352.9580493495887
