rank,team,final_elo
1,ソフトバンク,1690.3839673519742
2,西武,1620.020196192205
3,日本ハム,1601.4563658246657
4,阪神,1577.2912252859778
5,巨人,1571.0159269579922
6,ロッテ,1505.1185528749832
7,オリックス,1490.0371625433438
8,ヤクルト,1449.844138206589
9,DeNA,1392.4024532811632
10,広島,1382.8488150812354
11,楽天,1373.34090958481
12,中日,1346.2402868150602
