rank,team,final_elo
1,ソフトバンク,1623.6568935272194
2,日本ハム,1576.7440152652032
3,ロッテ,1552.0491954948302
4,西武,1531.5278648654523
5,巨人,1529.7059507841411
6,オリックス,1479.2940438104692
7,阪神,1476.5819993117125
8,広島,1470.5396705807243
9,中日,1456.1015872531266
10,DeNA,1446.2661058115102
11,ヤクルト,1436.5858742121154
12,楽天,1420.9467990834955
