rank,team,final_elo
1,西武,1634.3272125694218
2,日本ハム,1577.847515841125
3,ソフトバンク,1575.2752087956253
4,ロッテ,1538.6751724172002
5,巨人,1535.1580388605707
6,オリックス,1511.7499325122474
7,阪神,1493.4250173747457
8,ヤクルト,1475.5929747547116
9,DeNA,1424.1480646505336
10,広島,1422.7258170913058
11,中日,1416.171023318642
12,楽天,1394.9040218138705
