rank,team,final_elo
1,西武,1626.5065354183855
2,ソフトバンク,1565.967250834128
3,日本ハム,1565.2552929370102
4,巨人,1542.978716011607
5,ロッテ,1529.9500357154973
6,オリックス,1509.0374810805433
7,阪神,1496.1374688064498
8,ヤクルト,1484.900932716209
9,広島,1446.3760751326292
10,DeNA,1432.8732013522365
11,中日,1428.7632462227568
12,楽天,1371.253763772547
