rank,team,final_elo
1,西武,1620.2115967918924
2,日本ハム,1570.7192303436218
3,ソフトバンク,1569.6612318398086
4,ロッテ,1535.6963760162241
5,巨人,1534.2716717360117
6,オリックス,1524.1187986278555
7,阪神,1515.850274869645
8,ヤクルト,1478.7020890461554
9,広島,1443.4170003903905
10,中日,1437.4702904983521
11,DeNA,1411.4611877248353
12,楽天,1358.420252115207
