rank,team,final_elo
1,ソフトバンク,1676.0601894725232
2,日本ハム,1611.4806744699545
3,西武,1607.8086941273857
4,阪神,1554.628266382358
5,巨人,1547.4093865140496
6,オリックス,1527.4838386042402
7,ロッテ,1515.1404180862005
8,ヤクルト,1470.473092533538
9,広島,1397.560604711956
10,DeNA,1381.8364087303876
11,中日,1370.9285169539812
12,楽天,1339.1899094134255
