rank,team,final_elo
1,ソフトバンク,1604.6597465895763
2,日本ハム,1581.115900719103
3,ロッテ,1548.9464180390796
4,西武,1537.4669469751875
5,巨人,1507.668754563321
6,中日,1480.0734117644463
7,阪神,1475.8466073158884
8,オリックス,1474.651609047341
9,広島,1471.8477815714396
10,ヤクルト,1461.6767661503216
11,楽天,1435.8317059956705
12,DeNA,1420.2143512686248
