rank,team,final_elo
1,ソフトバンク,1620.734832646335
2,日本ハム,1605.115900719103
3,西武,1537.4669469751875
4,ロッテ,1532.871331982321
5,巨人,1507.668754563321
6,阪神,1486.5052642996768
7,中日,1480.0734117644463
8,オリックス,1474.651609047341
9,ヤクルト,1461.6767661503216
10,広島,1461.1891245876511
11,DeNA,1420.2143512686248
12,楽天,1411.8317059956705
