rank,team,final_elo
1,ソフトバンク,1614.987357513401
2,日本ハム,1589.5107042380523
3,ロッテ,1539.282506521981
4,西武,1523.5986458589653
5,巨人,1519.8020170958307
6,オリックス,1487.9635798242875
7,阪神,1486.485933000023
8,中日,1468.3180681216859
9,広島,1459.9409217531518
10,ヤクルト,1447.184623039688
11,DeNA,1434.049624942951
12,楽天,1428.8760180899826
