rank,team,final_elo
1,西武,1609.213997007822
2,ソフトバンク,1565.6248391019067
3,日本ハム,1550.0149661383932
4,巨人,1545.4708061957197
5,ロッテ,1533.4131165782676
6,阪神,1531.42201028615
7,ヤクルト,1490.4983206768466
8,オリックス,1468.4979633724267
9,DeNA,1453.387621229882
10,広島,1452.3890053425605
11,中日,1420.026072280958
12,楽天,1380.0412817890667
