rank,team,final_elo
1,ソフトバンク,1613.5959251442841
2,日本ハム,1589.4297969160568
3,ロッテ,1540.0102394843718
4,西武,1524.5082865223878
5,オリックス,1487.6102695001407
6,楽天,1427.5178097987166
