rank,team,final_elo
1,ソフトバンク,1678.6361950649514
2,西武,1622.1463540297993
3,日本ハム,1613.2041381116885
4,オリックス,1515.7483141919695
5,ロッテ,1502.9923950373889
6,楽天,1347.6297579361844
