rank,team,final_elo
1,日本ハム,1608.7644964385981
2,ソフトバンク,1603.3561452730908
3,西武,1547.4253781814625
4,ロッテ,1541.3208601772722
5,オリックス,1480.3609076358696
6,楽天,1401.4445396596648
