rank,team,final_elo
1,西武,1619.947799939357
2,ソフトバンク,1595.2328419922505
3,日本ハム,1545.1476201911798
4,ロッテ,1541.1585787818424
5,オリックス,1504.952658362379
6,楽天,1372.3879864676005
