rank,team,final_elo
1,西武,1601.7838227329746
2,ソフトバンク,1555.5811099842851
3,日本ハム,1538.0341345297259
4,ロッテ,1531.6802998814342
5,オリックス,1480.6874973088059
6,楽天,1386.5029516921431
