rank,team,final_elo
1,ソフトバンク,1620.734832646335
2,日本ハム,1605.115900719103
3,西武,1537.4669469751875
4,ロッテ,1532.871331982321
5,オリックス,1474.651609047341
6,楽天,1411.8317059956705
