rank,team,final_elo
1,西武,1609.213997007822
2,ソフトバンク,1565.6248391019067
3,日本ハム,1550.0149661383932
4,ロッテ,1533.4131165782676
5,オリックス,1480.6874973088059
6,楽天,1380.0412817890667
