rank,team,final_elo
1,ソフトバンク,1620.734832646335
2,日本ハム,1597.8136256171613
3,西武,1537.4669469751875
4,ロッテ,1532.871331982321
5,オリックス,1474.651609047341
6,楽天,1419.1339810976121
