rank,team,final_elo
1,ソフトバンク,1594.8488873765207
2,日本ハム,1582.0160182578336
3,西武,1550.9404876342157
4,ロッテ,1521.9607014104415
5,オリックス,1497.3536019951691
6,楽天,1431.7077890604287
