rank,team,final_elo
1,ソフトバンク,1596.2477398517406
2,日本ハム,1568.982729376788
3,西武,1563.9737765152613
4,ロッテ,1520.5618489352216
5,オリックス,1488.1415882874562
6,楽天,1440.9198027681416
