rank,team,final_elo
1,ソフトバンク,1729.5748994154048
2,西武,1627.0792194011121
3,日本ハム,1612.0696868127025
4,オリックス,1473.3828822872379
5,ロッテ,1470.7588137495945
6,楽天,1367.4916527059302
