rank,team,final_elo
1,ソフトバンク,1596.3714992277446
2,日本ハム,1583.0170669989013
3,ロッテ,1534.3586631087826
4,西武,1520.8212032101696
5,オリックス,1500.745630160873
6,楽天,1448.9047493401988
