rank,team,final_elo
1,日本ハム,1594.0298283587363
2,ソフトバンク,1583.562619615631
3,西武,1567.2189038389222
4,ロッテ,1522.5534524449572
5,オリックス,1495.0955757157315
6,楽天,1420.2119473919797
