rank,team,final_elo
1,西武,1617.9105685912066
2,日本ハム,1583.6978166821991
3,ソフトバンク,1582.8432531521696
4,ロッテ,1521.8075704874336
5,オリックス,1497.9224821846337
6,楽天,1382.656130676448
