rank,team,final_elo
1,ソフトバンク,1722.7763984772857
2,西武,1627.836761071162
3,日本ハム,1611.3121451426525
4,オリックス,1480.181383225357
5,ロッテ,1472.7261217496716
6,楽天,1365.524344705853
