rank,team,final_elo
1,西武,1620.2115967918924
2,日本ハム,1570.7192303436218
3,ソフトバンク,1569.6612318398086
4,ロッテ,1535.6963760162241
5,オリックス,1524.1187986278555
6,楽天,1358.420252115207
