rank,team,final_elo
1,ソフトバンク,1623.6568935272194
2,日本ハム,1576.7440152652032
3,ロッテ,1552.0491954948302
4,西武,1531.5278648654523
5,オリックス,1479.2940438104692
6,楽天,1420.9467990834955
