rank,team,final_elo
1,西武,1601.403115856635
2,ソフトバンク,1587.9471182410384
3,日本ハム,1565.7443500378006
4,ロッテ,1520.5618489352216
5,オリックス,1512.2383821135911
6,楽天,1390.9326705503227
