rank,team,final_elo
1,西武,1634.3272125694218
2,日本ハム,1577.847515841125
3,ソフトバンク,1575.2752087956253
4,ロッテ,1538.6751724172002
5,オリックス,1511.7499325122474
6,楽天,1394.9040218138705
