rank,team,final_elo
1,西武,1630.1230080447378
2,ソフトバンク,1582.9021787844417
3,日本ハム,1557.4782833989887
4,ロッテ,1535.6963760162241
5,オリックス,1514.20738737501
6,楽天,1358.420252115207
