rank,team,final_elo
1,ソフトバンク,1719.339303822262
2,西武,1639.5367600335762
3,日本ハム,1599.6121461802384
4,ロッテ,1483.8167070420675
5,オリックス,1483.6184778803806
6,楽天,1354.4337594134572
