rank,team,final_elo
1,日本ハム,1601.6202008763355
2,ソフトバンク,1593.80206790715
3,西武,1556.9794555474032
4,ロッテ,1532.2562544452373
5,オリックス,1487.5052031981322
6,楽天,1410.5091453916996
