rank,team,final_elo
1,ソフトバンク,1604.6597465895763
2,日本ハム,1581.115900719103
3,ロッテ,1548.9464180390796
4,西武,1537.4669469751875
5,オリックス,1474.651609047341
6,楽天,1435.8317059956705
