rank,team,final_elo
1,ソフトバンク,1678.6361950649514
2,西武,1633.156894837571
3,日本ハム,1613.2041381116885
4,オリックス,1502.8059612484888
5,ロッテ,1491.9818542296173
6,楽天,1360.5721108796652
