rank,team,final_elo
1,西武,1626.253672311613
2,ソフトバンク,1592.7066452041383
3,日本ハム,1571.677237852854
4,ロッテ,1531.0978875523126
5,オリックス,1500.8347457030748
6,楽天,1382.2805088664068
