rank,team,final_elo
1,ソフトバンク,1587.9471182410384
2,西武,1583.8102138936238
3,日本ハム,1565.7443500378006
4,ロッテ,1520.5618489352216
5,オリックス,1512.2383821135911
6,楽天,1408.5255725133338
