rank,team,final_elo
1,ソフトバンク,1690.3839673519742
2,西武,1620.020196192205
3,日本ハム,1601.4563658246657
4,ロッテ,1505.1185528749832
5,オリックス,1490.0371625433438
6,楽天,1373.34090958481
