rank,team,final_elo
1,ソフトバンク,1666.60456524657
2,日本ハム,1623.902551189379
3,西武,1595.3868174079612
4,ロッテ,1527.4409936355648
5,オリックス,1515.1832630548759
6,楽天,1348.6455336393788
