rank,team,final_elo
1,西武,1620.860165751699
2,ソフトバンク,1584.274025284562
3,日本ハム,1564.8815189858442
4,ロッテ,1523.3361779976888
5,オリックス,1490.8067279301545
6,楽天,1365.1060023802129
