rank,team,final_elo
1,ソフトバンク,1589.591065184089
2,日本ハム,1573.4369237523108
3,ロッテ,1549.457913928606
4,西武,1530.4013464567602
5,オリックス,1485.6463793410494
6,楽天,1455.6851833838543
