rank,team,final_elo
1,ソフトバンク,1607.7816861255208
2,日本ハム,1588.8581687025458
3,ロッテ,1539.9350420574876
4,西武,1514.9801015065252
5,オリックス,1495.1692512121679
6,楽天,1437.4945624424226
