rank,team,final_elo
1,ソフトバンク,1687.787066554036
2,西武,1618.9092523833958
3,日本ハム,1599.7537973884416
4,オリックス,1514.2907434512638
5,ロッテ,1504.0398598301904
6,楽天,1352.383004566402
