rank,team,final_elo
1,ソフトバンク,1701.3268599961764
2,日本ハム,1612.8945919377602
3,西武,1606.5538215750566
4,ロッテ,1494.175660230781
5,オリックス,1478.5989364302493
6,楽天,1386.8072842019585
