rank,team,final_elo
1,日本ハム,1615.5030670551087
2,ソフトバンク,1612.2853044513838
3,ロッテ,1541.3208601772722
4,西武,1538.4962190031695
5,オリックス,1473.622337019359
6,楽天,1401.4445396596648
