rank,team,final_elo
1,ソフトバンク,1712.1235685848826
2,日本ハム,1624.1790861843183
3,西武,1617.2665611964337
4,ロッテ,1483.3789516420748
5,オリックス,1467.3144421836912
6,楽天,1376.0945445805814
