rank,team,final_elo
1,ソフトバンク,1708.966694507797
2,西武,1627.836761071162
3,日本ハム,1611.3121451426525
4,オリックス,1493.9910871948457
5,ロッテ,1472.7261217496716
6,楽天,1365.524344705853
