rank,team,final_elo
1,西武,1601.403115856635
2,ソフトバンク,1579.0840876831628
3,日本ハム,1555.8066108926191
4,ロッテ,1530.499588080403
5,オリックス,1521.1014126714667
6,楽天,1390.9326705503227
