rank,team,final_elo
1,ソフトバンク,1614.987357513401
2,日本ハム,1589.5107042380523
3,ロッテ,1539.282506521981
4,西武,1523.5986458589653
5,オリックス,1487.9635798242875
6,楽天,1428.8760180899826
