rank,team,final_elo
1,ソフトバンク,1593.80206790715
2,日本ハム,1584.7644964385981
3,西武,1556.9794555474032
4,ロッテ,1517.3208601772722
5,オリックス,1504.3609076358696
6,楽天,1425.4445396596648
