rank,team,final_elo
1,ソフトバンク,1596.2477398517406
2,西武,1577.9572077475755
3,日本ハム,1554.9992981444739
4,ロッテ,1520.5618489352216
5,オリックス,1503.937760502889
6,楽天,1425.1236305527088
