rank,team,final_elo
1,西武,1620.2115967918924
2,日本ハム,1584.9204138350365
3,ソフトバンク,1555.460048348394
4,ロッテ,1535.6963760162241
5,オリックス,1524.1187986278555
6,楽天,1358.420252115207
