rank,team,final_elo
1,西武,1635.2929143392046
2,日本ハム,1574.4132113493024
3,ソフトバンク,1565.967250834128
4,ロッテ,1529.9500357154973
5,オリックス,1509.0374810805433
6,楽天,1371.253763772547
