rank,team,final_elo
1,西武,1626.5065354183855
2,ソフトバンク,1565.967250834128
3,日本ハム,1565.2552929370102
4,ロッテ,1529.9500357154973
5,オリックス,1509.0374810805433
6,楽天,1371.253763772547
