rank,team,final_elo
1,西武,1615.1887374995035
2,ソフトバンク,1575.2657732332218
3,日本ハム,1557.674424813242
4,ロッテ,1540.5784558387168
5,オリックス,1480.0491810257138
6,楽天,1372.345819930035
