rank,team,final_elo
1,ソフトバンク,1676.0601894725232
2,日本ハム,1611.4806744699545
3,西武,1607.8086941273857
4,オリックス,1527.4838386042402
5,ロッテ,1515.1404180862005
6,楽天,1339.1899094134255
